ID,Title,Acceptance,Difficulty,Frequency,Leetcode Question Link
1223,Dice Roll Simulation,45.6%,Medium,0.41544374201169354, https://leetcode.com/problems/dice-roll-simulation
713,Subarray Product Less Than K,39.1%,Medium,0.31165179311372015, https://leetcode.com/problems/subarray-product-less-than-k
1411,Number of Ways to Paint N × 3 Grid,61.1%,Hard,0.2567382244712564, https://leetcode.com/problems/number-of-ways-to-paint-n-3-grid
1177,Can Make Palindrome from Substring,34.6%,Medium,0.15130891511097502, https://leetcode.com/problems/can-make-palindrome-from-substring
1319,Number of Operations to Make Network Connected,53.1%,Medium,0.04587960575069364, https://leetcode.com/problems/number-of-operations-to-make-network-connected
1048,Longest String Chain,54.7%,Medium,0.019361689049145963, https://leetcode.com/problems/longest-string-chain
152,Maximum Product Subarray,31.7%,Medium,0.005590510716885066, https://leetcode.com/problems/maximum-product-subarray
48,Rotate Image,56.7%,Medium,0.0050955524266001265, https://leetcode.com/problems/rotate-image
