ID,Title,Acceptance,Difficulty,Frequency,Leetcode Question Link
1228,Missing Number In Arithmetic Progression,52.6%,Easy,0.14893621100754167, https://leetcode.com/problems/missing-number-in-arithmetic-progression
545,Boundary of Binary Tree,38.9%,Medium,0.0877756108823857, https://leetcode.com/problems/boundary-of-binary-tree
472,Concatenated Words,43.7%,Hard,0.026615010757229714, https://leetcode.com/problems/concatenated-words
140,Word Break II,32.6%,Hard,0.01660836687673306, https://leetcode.com/problems/word-break-ii
73,Set Matrix Zeroes,43.1%,Medium,0.015010288493889185, https://leetcode.com/problems/set-matrix-zeroes
200,Number of Islands,46.8%,Medium,0.011015601921505717, https://leetcode.com/problems/number-of-islands
937,Reorder Data in Log Files,54.3%,Easy,0.00802733590076424, https://leetcode.com/problems/reorder-data-in-log-files
42,Trapping Rain Water,48.9%,Hard,0.00411947029523883, https://leetcode.com/problems/trapping-rain-water
139,Word Break,40.1%,Medium,0.003755167762323698, https://leetcode.com/problems/word-break
121,Best Time to Buy and Sell Stock,50.5%,Easy,0.0020383211296970956, https://leetcode.com/problems/best-time-to-buy-and-sell-stock
