ID,Title,Acceptance,Difficulty,Frequency,Leetcode Question Link
1228,Missing Number In Arithmetic Progression,52.6%,Easy,0.13219868307194554, https://leetcode.com/problems/missing-number-in-arithmetic-progression
545,Boundary of Binary Tree,38.9%,Medium,0.0877756108823857, https://leetcode.com/problems/boundary-of-binary-tree
200,Number of Islands,46.8%,Medium,0.04335253869282585, https://leetcode.com/problems/number-of-islands
472,Concatenated Words,43.7%,Hard,0.026615010757229714, https://leetcode.com/problems/concatenated-words
140,Word Break II,32.6%,Hard,0.023829562832983903, https://leetcode.com/problems/word-break-ii
937,Reorder Data in Log Files,54.3%,Easy,0.017971729704467775, https://leetcode.com/problems/reorder-data-in-log-files
23,Merge k Sorted Lists,40.2%,Hard,0.015414563401186755, https://leetcode.com/problems/merge-k-sorted-lists
73,Set Matrix Zeroes,43.1%,Medium,0.015010288493889185, https://leetcode.com/problems/set-matrix-zeroes
139,Word Break,40.1%,Medium,0.014936797494510552, https://leetcode.com/problems/word-break
101,Symmetric Tree,46.8%,Easy,0.013003027580387157, https://leetcode.com/problems/symmetric-tree
1,Two Sum,45.6%,Easy,0.009584050515388142, https://leetcode.com/problems/two-sum
42,Trapping Rain Water,48.9%,Hard,0.009245058144051103, https://leetcode.com/problems/trapping-rain-water
121,Best Time to Buy and Sell Stock,50.5%,Easy,0.008128473936202515, https://leetcode.com/problems/best-time-to-buy-and-sell-stock
127,Word Ladder,29.6%,Medium,0.005731495844689608, https://leetcode.com/problems/word-ladder
20,Valid Parentheses,39.0%,Easy,0.002197682330605871, https://leetcode.com/problems/valid-parentheses
1200,Minimum Absolute Difference,66.6%,Easy,0, https://leetcode.com/problems/minimum-absolute-difference
