ID,Title,Acceptance,Difficulty,Frequency,Leetcode Question Link
322,Coin Change,35.5%,Medium,0.03257065710568334, https://leetcode.com/problems/coin-change
12,Integer to Roman,55.1%,Medium,0.018163970627671163, https://leetcode.com/problems/integer-to-roman
238,Product of Array Except Self,60.1%,Medium,0.003757284149658983, https://leetcode.com/problems/product-of-array-except-self
200,Number of Islands,46.8%,Medium,0.002765297303115152, https://leetcode.com/problems/number-of-islands
121,Best Time to Buy and Sell Stock,50.5%,Easy,0.0020383211296970956, https://leetcode.com/problems/best-time-to-buy-and-sell-stock
1,Two Sum,45.6%,Easy,0.001767235914611495, https://leetcode.com/problems/two-sum
