ID,Title,Acceptance,Difficulty,Frequency,Leetcode Question Link
362,Design Hit Counter,63.7%,Medium,0.013911076949000302, https://leetcode.com/problems/design-hit-counter
49,Group Anagrams,56.9%,Medium,0.008538951314232168, https://leetcode.com/problems/group-anagrams
253,Meeting Rooms II,45.7%,Medium,0.008079219870546493, https://leetcode.com/problems/meeting-rooms-ii
140,Word Break II,32.6%,Hard,0.0027070942357783584, https://leetcode.com/problems/word-break-ii
1,Two Sum,45.6%,Easy,0.0008206138651873125, https://leetcode.com/problems/two-sum
