ID,Title,Acceptance,Difficulty,Frequency,Leetcode Question Link
250,Count Univalue Subtrees,52.0%,Medium,1.1142520926168622, https://leetcode.com/problems/count-univalue-subtrees
965,Univalued Binary Tree,67.7%,Easy,0.8592043555602473, https://leetcode.com/problems/univalued-binary-tree
68,Text Justification,27.7%,Hard,0.6976918484065334, https://leetcode.com/problems/text-justification
935,Knight Dialer,45.2%,Medium,0.44264411134991843, https://leetcode.com/problems/knight-dialer
191,Number of 1 Bits,49.8%,Easy,0.20448184426913651, https://leetcode.com/problems/number-of-1-bits
126,Word Ladder II,22.1%,Hard,0.04004093605556132, https://leetcode.com/problems/word-ladder-ii
23,Merge k Sorted Lists,40.2%,Hard,0.009092808657599025, https://leetcode.com/problems/merge-k-sorted-lists
1,Two Sum,45.6%,Easy,0.00184543512358731, https://leetcode.com/problems/two-sum
