ID,Title,Acceptance,Difficulty,Frequency,Leetcode Question Link
407,Trapping Rain Water II,42.4%,Hard,0.4512959462757127, https://leetcode.com/problems/trapping-rain-water-ii
403,Frog Jump,39.7%,Hard,0.40653748891792285, https://leetcode.com/problems/frog-jump
1202,Smallest String With Swaps,46.5%,Medium,0.3430272491675487, https://leetcode.com/problems/smallest-string-with-swaps
493,Reverse Pairs,25.2%,Hard,0.33395175639587793, https://leetcode.com/problems/reverse-pairs
465,Optimal Account Balancing,46.9%,Hard,0.3083474266820498, https://leetcode.com/problems/optimal-account-balancing
777,Swap Adjacent in LR String,34.8%,Medium,0.30093653925373076, https://leetcode.com/problems/swap-adjacent-in-lr-string
25,Reverse Nodes in k-Group,42.1%,Hard,0.2704051213089347, https://leetcode.com/problems/reverse-nodes-in-k-group
1262,Greatest Sum Divisible by Three,47.6%,Medium,0.2325914143917342, https://leetcode.com/problems/greatest-sum-divisible-by-three
42,Trapping Rain Water,48.9%,Hard,0.16908117464136005, https://leetcode.com/problems/trapping-rain-water
146,LRU Cache,33.2%,Medium,0.15357414478678588, https://leetcode.com/problems/lru-cache
726,Number of Atoms,49.0%,Hard,0.13804422079620546, https://leetcode.com/problems/number-of-atoms
1172,Dinner Plate Stacks,38.2%,Hard,0.12963106265293975, https://leetcode.com/problems/dinner-plate-stacks
316,Remove Duplicate Letters,35.8%,Hard,0.1165801830326188, https://leetcode.com/problems/remove-duplicate-letters
681,Next Closest Time,45.0%,Medium,0.11013564249600598, https://leetcode.com/problems/next-closest-time
320,Generalized Abbreviation,52.1%,Medium,0.09352605801082346, https://leetcode.com/problems/generalized-abbreviation
351,Android Unlock Patterns,48.4%,Medium,0.07197349962508924, https://leetcode.com/problems/android-unlock-patterns
386,Lexicographical Numbers,51.6%,Medium,0.06875559541512997, https://leetcode.com/problems/lexicographical-numbers
51,N-Queens,46.6%,Hard,0.06402185876493102, https://leetcode.com/problems/n-queens
772,Basic Calculator III,41.3%,Hard,0.06331227941432688, https://leetcode.com/problems/basic-calculator-iii
735,Asteroid Collision,41.0%,Medium,0.05479154882968245, https://leetcode.com/problems/asteroid-collision
395,Longest Substring with At Least K Repeating Characters,41.4%,Medium,0.05371219359052555, https://leetcode.com/problems/longest-substring-with-at-least-k-repeating-characters
31,Next Permutation,32.6%,Medium,0.05265913800819017, https://leetcode.com/problems/next-permutation
329,Longest Increasing Path in a Matrix,43.4%,Hard,0.052557250738676044, https://leetcode.com/problems/longest-increasing-path-in-a-matrix
1339,Maximum Product of Splitted Binary Tree,37.2%,Medium,0.05064373281875492, https://leetcode.com/problems/maximum-product-of-splitted-binary-tree
282,Expression Add Operators,35.5%,Hard,0.049982640867735496, https://leetcode.com/problems/expression-add-operators
449,Serialize and Deserialize BST,52.0%,Medium,0.049844204077291364, https://leetcode.com/problems/serialize-and-deserialize-bst
1283,Find the Smallest Divisor Given a Threshold,47.6%,Medium,0.047798823737776906, https://leetcode.com/problems/find-the-smallest-divisor-given-a-threshold
240,Search a 2D Matrix II,43.2%,Medium,0.04647676584572884, https://leetcode.com/problems/search-a-2d-matrix-ii
856,Score of Parentheses,60.5%,Medium,0.04567003683318837, https://leetcode.com/problems/score-of-parentheses
143,Reorder List,37.1%,Medium,0.04554002588608351, https://leetcode.com/problems/reorder-list
1235,Maximum Profit in Job Scheduling,44.0%,Hard,0.040573516447166516, https://leetcode.com/problems/maximum-profit-in-job-scheduling
317,Shortest Distance from All Buildings,41.4%,Hard,0.03795522000043556, https://leetcode.com/problems/shortest-distance-from-all-buildings
402,Remove K Digits,28.4%,Medium,0.03755134565213245, https://leetcode.com/problems/remove-k-digits
1249,Minimum Remove to Make Valid Parentheses,62.5%,Medium,0.03628515973976445, https://leetcode.com/problems/minimum-remove-to-make-valid-parentheses
199,Binary Tree Right Side View,54.1%,Medium,0.034997972754213943, https://leetcode.com/problems/binary-tree-right-side-view
215,Kth Largest Element in an Array,55.4%,Medium,0.03458557964977998, https://leetcode.com/problems/kth-largest-element-in-an-array
974,Subarray Sums Divisible by K,48.9%,Medium,0.03367321510658789, https://leetcode.com/problems/subarray-sums-divisible-by-k
207,Course Schedule,43.1%,Medium,0.030628389490117876, https://leetcode.com/problems/course-schedule
44,Wildcard Matching,24.7%,Hard,0.030573033362282363, https://leetcode.com/problems/wildcard-matching
236,Lowest Common Ancestor of a Binary Tree,45.7%,Medium,0.029105663386885607, https://leetcode.com/problems/lowest-common-ancestor-of-a-binary-tree
33,Search in Rotated Sorted Array,34.5%,Medium,0.0287009496170278, https://leetcode.com/problems/search-in-rotated-sorted-array
695,Max Area of Island,62.7%,Medium,0.028321590863246118, https://leetcode.com/problems/max-area-of-island
445,Add Two Numbers II,54.5%,Medium,0.02753309435998931, https://leetcode.com/problems/add-two-numbers-ii
79,Word Search,35.6%,Medium,0.026308653156300807, https://leetcode.com/problems/word-search
23,Merge k Sorted Lists,40.2%,Hard,0.0250564321052577, https://leetcode.com/problems/merge-k-sorted-lists
3,Longest Substring Without Repeating Characters,30.4%,Medium,0.024604324231039386, https://leetcode.com/problems/longest-substring-without-repeating-characters
78,Subsets,62.0%,Medium,0.022827872206034577, https://leetcode.com/problems/subsets
72,Edit Distance,44.8%,Hard,0.022400140173127806, https://leetcode.com/problems/edit-distance
124,Binary Tree Maximum Path Sum,34.3%,Hard,0.021945744272529284, https://leetcode.com/problems/binary-tree-maximum-path-sum
698,Partition to K Equal Sum Subsets,45.0%,Medium,0.02109782896463587, https://leetcode.com/problems/partition-to-k-equal-sum-subsets
543,Diameter of Binary Tree,48.4%,Easy,0.02105617995251665, https://leetcode.com/problems/diameter-of-binary-tree
670,Maximum Swap,43.6%,Medium,0.020844944430365928, https://leetcode.com/problems/maximum-swap
1143,Longest Common Subsequence,58.4%,Medium,0.019772173115579716, https://leetcode.com/problems/longest-common-subsequence
173,Binary Search Tree Iterator,56.6%,Medium,0.01899993824490396, https://leetcode.com/problems/binary-search-tree-iterator
347,Top K Frequent Elements,61.2%,Medium,0.018049036874660983, https://leetcode.com/problems/top-k-frequent-elements
406,Queue Reconstruction by Height,66.9%,Medium,0.01774669468133533, https://leetcode.com/problems/queue-reconstruction-by-height
415,Add Strings,47.5%,Easy,0.016991158247219373, https://leetcode.com/problems/add-strings
41,First Missing Positive,32.0%,Hard,0.014368063266920193, https://leetcode.com/problems/first-missing-positive
222,Count Complete Tree Nodes,46.8%,Medium,0.014015646388344492, https://leetcode.com/problems/count-complete-tree-nodes
76,Minimum Window Substring,34.6%,Hard,0.013966707481708198, https://leetcode.com/problems/minimum-window-substring
179,Largest Number,28.8%,Medium,0.013865040137171665, https://leetcode.com/problems/largest-number
56,Merge Intervals,39.3%,Medium,0.013819532422258866, https://leetcode.com/problems/merge-intervals
523,Continuous Subarray Sum,24.6%,Medium,0.011816976504784561, https://leetcode.com/problems/continuous-subarray-sum
350,Intersection of Two Arrays II,51.4%,Easy,0.01168540951877908, https://leetcode.com/problems/intersection-of-two-arrays-ii
148,Sort List,42.3%,Medium,0.011204599012863078, https://leetcode.com/problems/sort-list
92,Reverse Linked List II,38.8%,Medium,0.010427623162259089, https://leetcode.com/problems/reverse-linked-list-ii
22,Generate Parentheses,62.7%,Medium,0.009785877810632554, https://leetcode.com/problems/generate-parentheses
113,Path Sum II,46.7%,Medium,0.009784813879998279, https://leetcode.com/problems/path-sum-ii
34,Find First and Last Position of Element in Sorted Array,36.2%,Medium,0.009531951009811851, https://leetcode.com/problems/find-first-and-last-position-of-element-in-sorted-array
46,Permutations,63.5%,Medium,0.009461803137288448, https://leetcode.com/problems/permutations
206,Reverse Linked List,62.5%,Easy,0.009326794511974934, https://leetcode.com/problems/reverse-linked-list
322,Coin Change,35.5%,Medium,0.00904437880665999, https://leetcode.com/problems/coin-change
295,Find Median from Data Stream,44.3%,Hard,0.00899893586856953, https://leetcode.com/problems/find-median-from-data-stream
139,Word Break,40.1%,Medium,0.008741314401573542, https://leetcode.com/problems/word-break
977,Squares of a Sorted Array,72.1%,Easy,0.008733679968754604, https://leetcode.com/problems/squares-of-a-sorted-array
209,Minimum Size Subarray Sum,38.2%,Medium,0.00841401682484616, https://leetcode.com/problems/minimum-size-subarray-sum
239,Sliding Window Maximum,43.0%,Hard,0.007898935224534491, https://leetcode.com/problems/sliding-window-maximum
349,Intersection of Two Arrays,62.5%,Easy,0.00725034896230682, https://leetcode.com/problems/intersection-of-two-arrays
110,Balanced Binary Tree,43.5%,Easy,0.007027435807456887, https://leetcode.com/problems/balanced-binary-tree
19,Remove Nth Node From End of List,35.2%,Medium,0.0069087555063702365, https://leetcode.com/problems/remove-nth-node-from-end-of-list
103,Binary Tree Zigzag Level Order Traversal,48.3%,Medium,0.006816368572598042, https://leetcode.com/problems/binary-tree-zigzag-level-order-traversal
54,Spiral Matrix,34.1%,Medium,0.0065941551175130245, https://leetcode.com/problems/spiral-matrix
200,Number of Islands,46.8%,Medium,0.006490251382779317, https://leetcode.com/problems/number-of-islands
162,Find Peak Element,43.3%,Medium,0.006350235659345837, https://leetcode.com/problems/find-peak-element
105,Construct Binary Tree from Preorder and Inorder Traversal,48.8%,Medium,0.005628268691614718, https://leetcode.com/problems/construct-binary-tree-from-preorder-and-inorder-traversal
152,Maximum Product Subarray,31.7%,Medium,0.005590510716885066, https://leetcode.com/problems/maximum-product-subarray
1,Two Sum,45.6%,Easy,0.0051178232035212715, https://leetcode.com/problems/two-sum
21,Merge Two Sorted Lists,53.5%,Easy,0.005067007800877041, https://leetcode.com/problems/merge-two-sorted-lists
55,Jump Game,34.6%,Medium,0.005022612266291382, https://leetcode.com/problems/jump-game
53,Maximum Subarray,46.5%,Easy,0.004869349014182134, https://leetcode.com/problems/maximum-subarray
121,Best Time to Buy and Sell Stock,50.5%,Easy,0.0047725193990346675, https://leetcode.com/problems/best-time-to-buy-and-sell-stock
4,Median of Two Sorted Arrays,29.6%,Hard,0.003900160950094767, https://leetcode.com/problems/median-of-two-sorted-arrays
198,House Robber,42.0%,Easy,0.0037576371128333645, https://leetcode.com/problems/house-robber
11,Container With Most Water,50.8%,Medium,0.0030677223230101427, https://leetcode.com/problems/container-with-most-water
88,Merge Sorted Array,39.4%,Easy,0.0030102370714243072, https://leetcode.com/problems/merge-sorted-array
98,Validate Binary Search Tree,27.8%,Medium,0.002943776044013381, https://leetcode.com/problems/validate-binary-search-tree
2,Add Two Numbers,33.9%,Medium,0.0016886191111440908, https://leetcode.com/problems/add-two-numbers
