ID,Title,Acceptance,Difficulty,Frequency,Leetcode Question Link
757,Set Intersection Size At Least Two,40.1%,Hard,0.493754644718809, https://leetcode.com/problems/set-intersection-size-at-least-two
453,Minimum Moves to Equal Array Elements,50.2%,Easy,0.2605310833858301, https://leetcode.com/problems/minimum-moves-to-equal-array-elements
547,Friend Circles,58.6%,Medium,0.027307522052851193, https://leetcode.com/problems/friend-circles
54,Spiral Matrix,34.1%,Medium,0.014776167707688753, https://leetcode.com/problems/spiral-matrix
253,Meeting Rooms II,45.7%,Medium,0.008079219870546493, https://leetcode.com/problems/meeting-rooms-ii
1,Two Sum,45.6%,Easy,0.0008206138651873125, https://leetcode.com/problems/two-sum
