ID,Title,Acceptance,Difficulty,Frequency,Leetcode Question Link
168,Excel Sheet Column Title,31.1%,Easy,0.11466839631244033, https://leetcode.com/problems/excel-sheet-column-title
881,Boats to Save People,46.8%,Medium,0.06293179370246599, https://leetcode.com/problems/boats-to-save-people
171,Excel Sheet Column Number,55.9%,Easy,0.011195191092491645, https://leetcode.com/problems/excel-sheet-column-number
1,Two Sum,45.6%,Easy,0.003278422738041615, https://leetcode.com/problems/two-sum
206,Reverse Linked List,62.5%,Easy,0.0023398665252948926, https://leetcode.com/problems/reverse-linked-list
