ID,Title,Acceptance,Difficulty,Frequency,Leetcode Question Link
881,Boats to Save People,46.8%,Medium,0.14464600498431196, https://leetcode.com/problems/boats-to-save-people
168,Excel Sheet Column Title,31.1%,Easy,0.12859286438561013, https://leetcode.com/problems/excel-sheet-column-title
171,Excel Sheet Column Number,55.9%,Easy,0.07885939025485048, https://leetcode.com/problems/excel-sheet-column-number
1,Two Sum,45.6%,Easy,0.02912591612409083, https://leetcode.com/problems/two-sum
206,Reverse Linked List,62.5%,Easy,0.01453513961911317, https://leetcode.com/problems/reverse-linked-list
1081,Smallest Subsequence of Distinct Characters,50.4%,Medium,0, https://leetcode.com/problems/smallest-subsequence-of-distinct-characters
1209,Remove All Adjacent Duplicates in String II,56.9%,Medium,0, https://leetcode.com/problems/remove-all-adjacent-duplicates-in-string-ii
