ID,Title,Acceptance,Difficulty,Frequency,Leetcode Question Link
121,Best Time to Buy and Sell Stock,50.5%,Easy,0.03031079164323808, https://leetcode.com/problems/best-time-to-buy-and-sell-stock
1,Two Sum,45.6%,Easy,0.020315992091756507, https://leetcode.com/problems/two-sum
146,LRU Cache,33.2%,Medium,0.010321192540274932, https://leetcode.com/problems/lru-cache
53,Maximum Subarray,46.5%,Easy,0.008640295679602939, https://leetcode.com/problems/maximum-subarray
41,First Missing Positive,32.0%,Hard,0.0064113058208121855, https://leetcode.com/problems/first-missing-positive
160,Intersection of Two Linked Lists,40.6%,Easy,0.004901369939720486, https://leetcode.com/problems/intersection-of-two-linked-lists
155,Min Stack,44.5%,Easy,0.00474891074128171, https://leetcode.com/problems/min-stack
17,Letter Combinations of a Phone Number,46.8%,Medium,0.0044018999217624675, https://leetcode.com/problems/letter-combinations-of-a-phone-number
242,Valid Anagram,56.9%,Easy,0.004154123743115972, https://leetcode.com/problems/valid-anagram
20,Valid Parentheses,39.0%,Easy,0.0023005704055949323, https://leetcode.com/problems/valid-parentheses
50,Pow(x;n),30.3%,Medium,0.0014016892647828818, https://leetcode.com/problems/powx-n
