ID,Title,Acceptance,Difficulty,Frequency,Leetcode Question Link
981,Time Based Key-Value Store,53.1%,Medium,0.04554547215407168, https://leetcode.com/problems/time-based-key-value-store
185,Department Top Three Salaries,34.5%,Hard,0.0453832413479485, https://leetcode.com/problems/department-top-three-salaries
295,Find Median from Data Stream,44.3%,Hard,0.031658984015535734, https://leetcode.com/problems/find-median-from-data-stream
362,Design Hit Counter,63.7%,Medium,0.021521230038417563, https://leetcode.com/problems/design-hit-counter
56,Merge Intervals,39.3%,Medium,0.007796972706004796, https://leetcode.com/problems/merge-intervals
155,Min Stack,44.5%,Easy,0.00474891074128171, https://leetcode.com/problems/min-stack
34,Find First and Last Position of Element in Sorted Array,36.2%,Medium,0.004247643638268045, https://leetcode.com/problems/find-first-and-last-position-of-element-in-sorted-array
88,Merge Sorted Array,39.4%,Easy,0.0030102370714243072, https://leetcode.com/problems/merge-sorted-array
