ID,Title,Acceptance,Difficulty,Frequency,Leetcode Question Link
393,UTF-8 Validation,37.5%,Medium,2.8740579823620314, https://leetcode.com/problems/utf-8-validation
539,Minimum Time Difference,51.5%,Medium,1.8729990749579872, https://leetcode.com/problems/minimum-time-difference
56,Merge Intervals,39.3%,Medium,0.8719401675539429, https://leetcode.com/problems/merge-intervals
733,Flood Fill,55.3%,Easy,0.16592541637179184, https://leetcode.com/problems/flood-fill
277,Find the Celebrity,41.8%,Medium,0.11383991212794757, https://leetcode.com/problems/find-the-celebrity
200,Number of Islands,46.8%,Medium,0.04526299408355752, https://leetcode.com/problems/number-of-islands
285,Inorder Successor in BST,40.4%,Medium,0.02233482010057984, https://leetcode.com/problems/inorder-successor-in-bst
695,Max Area of Island,62.7%,Medium,0.012686500631003836, https://leetcode.com/problems/max-area-of-island
273,Integer to English Words,27.1%,Hard,0.012081089250339716, https://leetcode.com/problems/integer-to-english-words
42,Trapping Rain Water,48.9%,Hard,0.009762524655659178, https://leetcode.com/problems/trapping-rain-water
10,Regular Expression Matching,26.8%,Hard,0.0071865203293987245, https://leetcode.com/problems/regular-expression-matching
48,Rotate Image,56.7%,Medium,0.0050955524266001265, https://leetcode.com/problems/rotate-image
53,Maximum Subarray,46.5%,Easy,0.002167082872150794, https://leetcode.com/problems/maximum-subarray
