ID,Title,Acceptance,Difficulty,Frequency,Leetcode Question Link
160,Intersection of Two Linked Lists,40.6%,Easy,0.06134946801354206, https://leetcode.com/problems/intersection-of-two-linked-lists
191,Number of 1 Bits,49.8%,Easy,0.05484219764644818, https://leetcode.com/problems/number-of-1-bits
206,Reverse Linked List,62.5%,Easy,0.044250172926515494, https://leetcode.com/problems/reverse-linked-list
72,Edit Distance,44.8%,Hard,0.037749233217789446, https://leetcode.com/problems/edit-distance
237,Delete Node in a Linked List,63.8%,Easy,0.03025400151925316, https://leetcode.com/problems/delete-node-in-a-linked-list
2,Add Two Numbers,33.9%,Medium,0.019661976799320476, https://leetcode.com/problems/add-two-numbers
1,Two Sum,45.6%,Easy,0.01946268277092695, https://leetcode.com/problems/two-sum
283,Move Zeroes,57.8%,Easy,0.017117843516968597, https://leetcode.com/problems/move-zeroes
151,Reverse Words in a String,21.9%,Medium,0.00949999544777714, https://leetcode.com/problems/reverse-words-in-a-string
53,Maximum Subarray,46.5%,Easy,0.008272628741228982, https://leetcode.com/problems/maximum-subarray
1183,Maximum Number of Ones,54.5%,Hard,0, https://leetcode.com/problems/maximum-number-of-ones
