ID,Title,Acceptance,Difficulty,Frequency,Leetcode Question Link
237,Delete Node in a Linked List,63.8%,Easy,0.010459229961269176, https://leetcode.com/problems/delete-node-in-a-linked-list
160,Intersection of Two Linked Lists,40.6%,Easy,0.00998969599575425, https://leetcode.com/problems/intersection-of-two-linked-lists
1,Two Sum,45.6%,Easy,0.009046102197985831, https://leetcode.com/problems/two-sum
72,Edit Distance,44.8%,Hard,0.009033792623879294, https://leetcode.com/problems/edit-distance
191,Number of 1 Bits,49.8%,Easy,0.006631826078021504, https://leetcode.com/problems/number-of-1-bits
283,Move Zeroes,57.8%,Easy,0.005658284932140847, https://leetcode.com/problems/move-zeroes
206,Reverse Linked List,62.5%,Easy,0.004476548483843356, https://leetcode.com/problems/reverse-linked-list
53,Maximum Subarray,46.5%,Easy,0.0020745819379855658, https://leetcode.com/problems/maximum-subarray
2,Add Two Numbers,33.9%,Medium,0.0016196302686159038, https://leetcode.com/problems/add-two-numbers
151,Reverse Words in a String,21.9%,Medium,0.0015260771341435947, https://leetcode.com/problems/reverse-words-in-a-string
