ID,Title,Acceptance,Difficulty,Frequency,Leetcode Question Link
525,Contiguous Array,42.8%,Medium,0.42990617361238165, https://leetcode.com/problems/contiguous-array
498,Diagonal Traverse,48.2%,Medium,0.32668133250056075, https://leetcode.com/problems/diagonal-traverse
855,Exam Room,43.1%,Medium,0.22345649138873985, https://leetcode.com/problems/exam-room
1053,Previous Permutation With One Swap,48.5%,Medium,0.20067069546215116, https://leetcode.com/problems/previous-permutation-with-one-swap
437,Path Sum III,47.2%,Medium,0.13327677772817573, https://leetcode.com/problems/path-sum-iii
1027,Longest Arithmetic Sequence,53.4%,Medium,0.11122563511022437, https://leetcode.com/problems/longest-arithmetic-sequence
780,Reaching Points,29.4%,Hard,0.1040197878075301, https://leetcode.com/problems/reaching-points
390,Elimination Game,44.5%,Medium,0.0922312242160336, https://leetcode.com/problems/elimination-game
1329,Sort the Matrix Diagonally,78.4%,Medium,0.08584868273025201, https://leetcode.com/problems/sort-the-matrix-diagonally
452,Minimum Number of Arrows to Burst Balloons,49.6%,Medium,0.06234705801852781, https://leetcode.com/problems/minimum-number-of-arrows-to-burst-balloons
297,Serialize and Deserialize Binary Tree,47.5%,Hard,0.05889827677358506, https://leetcode.com/problems/serialize-and-deserialize-binary-tree
113,Path Sum II,46.7%,Medium,0.03698133452871584, https://leetcode.com/problems/path-sum-ii
253,Meeting Rooms II,45.7%,Medium,0.017208837680639542, https://leetcode.com/problems/meeting-rooms-ii
48,Rotate Image,56.7%,Medium,0.010933053508947611, https://leetcode.com/problems/rotate-image
380,Insert Delete GetRandom O(1),47.5%,Medium,0.00934149716911291, https://leetcode.com/problems/insert-delete-getrandom-o1
162,Find Peak Element,43.3%,Medium,0.006070742577979871, https://leetcode.com/problems/find-peak-element
560,Subarray Sum Equals K,43.9%,Medium,0.00407664649376343, https://leetcode.com/problems/subarray-sum-equals-k
