ID,Title,Acceptance,Difficulty,Frequency,Leetcode Question Link
224,Basic Calculator,36.8%,Hard,0.18641979112204357, https://leetcode.com/problems/basic-calculator
418,Sentence Screen Fitting,32.6%,Medium,0.15089223475521438, https://leetcode.com/problems/sentence-screen-fitting
755,Pour Water,43.3%,Medium,0.14202552477610383, https://leetcode.com/problems/pour-water
54,Spiral Matrix,34.1%,Medium,0.10061889164064056, https://leetcode.com/problems/spiral-matrix
59,Spiral Matrix II,53.9%,Medium,0.09483978737982436, https://leetcode.com/problems/spiral-matrix-ii
697,Degree of an Array,53.8%,Easy,0.07117627846789498, https://leetcode.com/problems/degree-of-an-array
68,Text Justification,27.7%,Hard,0.06116036187169583, https://leetcode.com/problems/text-justification
525,Contiguous Array,42.8%,Medium,0.01975372873623256, https://leetcode.com/problems/contiguous-array
438,Find All Anagrams in a String,43.3%,Medium,0.008126822460497498, https://leetcode.com/problems/find-all-anagrams-in-a-string
