ID,Title,Acceptance,Difficulty,Frequency,Leetcode Question Link
336,Palindrome Pairs,33.7%,Hard,0.09524900495801866, https://leetcode.com/problems/palindrome-pairs
999,Available Captures for Rook,66.7%,Easy,0.06736553182757604, https://leetcode.com/problems/available-captures-for-rook
72,Edit Distance,44.8%,Hard,0.039482058697133414, https://leetcode.com/problems/edit-distance
332,Reconstruct Itinerary,36.7%,Medium,0.013755375068485329, https://leetcode.com/problems/reconstruct-itinerary
273,Integer to English Words,27.1%,Hard,0.012081089250339716, https://leetcode.com/problems/integer-to-english-words
415,Add Strings,47.5%,Easy,0.007587289812159497, https://leetcode.com/problems/add-strings
91,Decode Ways,24.7%,Medium,0.005968385368349129, https://leetcode.com/problems/decode-ways
