ID,Title,Acceptance,Difficulty,Frequency,Leetcode Question Link
558,Logical OR of Two Binary Grids Represented as Quad-Trees,44.6%,Medium,0.2751909664506224, https://leetcode.com/problems/logical-or-of-two-binary-grids-represented-as-quad-trees
850,Rectangle Area II,47.5%,Hard,0.16229864091884685, https://leetcode.com/problems/rectangle-area-ii
981,Time Based Key-Value Store,53.1%,Medium,0.049406315387071284, https://leetcode.com/problems/time-based-key-value-store
56,Merge Intervals,39.3%,Medium,0.0034728286335985107, https://leetcode.com/problems/merge-intervals
