ID,Title,Acceptance,Difficulty,Frequency,Leetcode Question Link
238,Product of Array Except Self,60.1%,Medium,0.03616773385638842, https://leetcode.com/problems/product-of-array-except-self
218,The Skyline Problem,34.6%,Hard,0.025479085300984906, https://leetcode.com/problems/the-skyline-problem
706,Design HashMap,61.3%,Easy,0.01752893260576219, https://leetcode.com/problems/design-hashmap
200,Number of Islands,46.8%,Medium,0.011509262420590827, https://leetcode.com/problems/number-of-islands
1,Two Sum,45.6%,Easy,0.0008206138651873125, https://leetcode.com/problems/two-sum
