ID,Title,Acceptance,Difficulty,Frequency,Leetcode Question Link
238,Product of Array Except Self,60.1%,Medium,0.050347746825039494, https://leetcode.com/problems/product-of-array-except-self
706,Design HashMap,61.3%,Easy,0.039016652342451774, https://leetcode.com/problems/design-hashmap
227,Basic Calculator II,36.9%,Medium,0.027685557859864054, https://leetcode.com/problems/basic-calculator-ii
273,Integer to English Words,27.1%,Hard,0.026980053764546055, https://leetcode.com/problems/integer-to-english-words
218,The Skyline Problem,34.6%,Hard,0.025479085300984906, https://leetcode.com/problems/the-skyline-problem
51,N-Queens,46.6%,Hard,0.016393809775676407, https://leetcode.com/problems/n-queens
297,Serialize and Deserialize Binary Tree,47.5%,Hard,0.01585377577217724, https://leetcode.com/problems/serialize-and-deserialize-binary-tree
57,Insert Interval,33.5%,Hard,0.013119243592498872, https://leetcode.com/problems/insert-interval
200,Number of Islands,46.8%,Medium,0.011509262420590827, https://leetcode.com/problems/number-of-islands
121,Best Time to Buy and Sell Stock,50.5%,Easy,0.0047725193990346675, https://leetcode.com/problems/best-time-to-buy-and-sell-stock
42,Trapping Rain Water,48.9%,Hard,0.004350670338744988, https://leetcode.com/problems/trapping-rain-water
23,Merge k Sorted Lists,40.2%,Hard,0.004051459000748015, https://leetcode.com/problems/merge-k-sorted-lists
1,Two Sum,45.6%,Easy,0.003278422738041615, https://leetcode.com/problems/two-sum
88,Merge Sorted Array,39.4%,Easy,0.0030102370714243072, https://leetcode.com/problems/merge-sorted-array
